job, comany, URL
Werkstudent*in Software-Developer (w/d/m), MathPlan, https://berlinstartupjobs.com/engineering/werkstudentin-software-developer-w-d-m-mathplan-gmbh/
Software Developer (w/d/m), MathPlan, https://berlinstartupjobs.com/engineering/software-developer-w-d-m-mathplan-gmbh/
Software Engineer(s), EIDU, https://berlinstartupjobs.com/engineering/software-engineers-eidu-gmbh/
Software Engineer â€“ Infrastructure *remote* (m/f/d), Pliant, https://berlinstartupjobs.com/engineering/software-engineer-infrastructure-remote-m-f-d-pliant/
 Blockchain Security Fellowship ,  Statemind , https://web3.career//blockchain-security-fellowship-statemind/88860
 Full Stack Engineer P2P ,  Wallet , https://web3.career//full-stack-engineer-p2p-wallet/88798
 Senior FullStack Developer ,  Blockchain.com , https://web3.career//senior-full-stack-developer-blockchain/88757
 Senior BackEnd Developer ,  Blockchain.com , https://web3.career//senior-back-end-developer-blockchain/88756
 Fullstack Engineer P2P ,  Wallet , https://web3.career//fullstack-engineer-p2p-wallet/88735
 Trading Technology Engineer Java ,  Bitmex , https://web3.career//trading-technology-engineer-java-bitmex/84578
 Senior Trading Technology Engineer Java ,  Bitmex , https://web3.career//senior-trading-technology-engineer-java-bitmex/74183
 Software Engineering Manager Acquisition Activation ,  Gemini , https://web3.career//software-engineering-manager-acquisition-activation-gemini/88600
 Senior Full Stack Developer ,  Nethermind , https://web3.career//senior-full-stack-developer-nethermind/87435
 Senior Blockchain Engineer ,  Nethermind , https://web3.career//senior-blockchain-engineer-nethermind/87434
 Technical Business Analyst ,  Copperco , https://web3.career//technical-business-analyst-copperco/80819
 Staff Software Engineer Corda ,  R3 , https://web3.career//staff-software-engineer-corda-r3/88544
 Senior Software Engineer Corda ,  R3 , https://web3.career//senior-software-engineer-corda-r3/88543
 Software Engineer Corda ,  R3 , https://web3.career//software-engineer-corda-r3/88542
 Binance Accelerator Program Java Engineer ,  Binance , https://web3.career//binance-accelerator-program-java-engineer-binance/88541
Senior Software Engineer, Core Experiences (Kotlin Multiplatform or Java), Speechify Inc, https://weworkremotely.com//remote-jobs/speechify-inc-senior-software-engineer-core-experiences-kotlin-multiplatform-or-java
Back End Support Engineer (Java), Secfix GmbH, https://weworkremotely.com//remote-jobs/secfix-gmbh-back-end-support-engineer-java
